"","X14.3.3_beta","X14.3.3_epsilon_Caution","X14.3.3_zeta","X4E.BP1","X4E.BP1_pS65","X4E.BP1_pT37_T46","X4E.BP1_pT70","X53BP1","A.Raf_pS299_Caution","ACC_pS79","ACC1_Caution","Acetyl.a.Tubulin..Lys40._Caution","ACVRL1_Caution","ADAR1","Akt","Akt_pS473","Akt_pT308","alpha.Catenin","AMPK_alpha_Caution","AMPK_pT172","Annexin.1","Annexin_VII","AR","ASNS","ATM","B.Raf_Caution","B.Raf_pS445","Bad_pS112","Bak_Caution","Bap1.c.4","Bax","Bcl.2","Bcl.xL","Beclin_Caution","beta.Catenin","beta.Catenin_pT41_S45","beta.Actin_Caution","Bid_Caution","Bim.CST2933.","Bim.EP1036.","BRCA2_Caution","c.Jun_pS73","c.Kit","c.Met_Caution","c.Met_pY1235","c.Myc_Caution","C.Raf.BD610151._Caution","C.Raf.MP05.739.","C.Raf_pS338","Caspase.7_cleavedD198_Caution","Caspase.8_Caution","Caveolin.1","CD20._Caution","CD31","CD49b","CDK1","Chk1_Caution","Chk1_pS345_Caution","Chk2","Chk2_pT68_Caution","cIAP_Caution","Claudin.7","Collagen_VI","Cyclin_B1","Cyclin_D1","Cyclin_E1","Cyclin_E2_Caution","Di.Ras3_Caution","DJ.1","Dvl3","E.Cadherin","eEF2_Caution","eEF2K","EGFR","EGFR_pY1068_Caution","EGFR_pY1173","eIF4E","eIF4G_Caution","ER.alpha","ER.alpha_pS118","ERCC1_Caution","ERK2_Caution","ETS.1","FASN","Fibronectin","FoxM1","FOXO3a_Caution","FOXO3a_pS318_S321_Caution","FRA1_Caution","G6PD","Gab2","GAPDH_Caution","GATA3","GSK.3.BETA_Caution","GSK3.alpha.beta","GSK3.alpha.beta_pS21_S9","GSK3_pS9","HER2","HER2_pY1248_Caution","HER3","HER3_pY1289_Caution","Heregulin","HSP70_Caution","IGFBP2","INPP4B","IRS1","JAK2","JNK_pT183_Y185","JNK2_Caution","Ku80_Caution","Lck","MAPK_pT202_Y204","MDM2_pS166","MDMX_MDM4.BetIHC.00108._Caution","MEK1","MEK1_pS217_S221","MIG.6","Mre11_Caution","MSH2","MSH6_Caution","mTOR","mTOR_pS2448_Caution","MYH11","Myosin.IIa.pS1943","N.Cadherin","N.Ras","NDRG1_pT346","NF.kB.p65_pS536_Caution","NF2_Caution","Notch1","P.Cadherin_Caution","p14.Arf.BetA300.340A._Caution","p21","p27","p27_pT157_Caution","p27_pT198","p38.alpha.MAPK","p38_MAPK","p38_pT180_Y182","p53_Caution","p62.Lck.ligand_Caution","p70S6K","p70S6K_pT389","p90RSK_Caution","p90RSK_pT359_S363_Caution","p90RSK_pT573_Caution","PAI.1","PARP_cleaved_Caution","Paxillin_Caution","PCNA_Caution","PDCD4_Caution","PDK1","PDK1_pS241","PEA15","PEA15_pS116","PI3K.p110.alpha_Caution","PI3K.p85","PKC.alpha","PKC.alpha_pS657_Caution","PKC.delta_pS664","PKC.pan_BetaII_pS660","Porin","PR","PRAS40_pT246","PRDX1","PREX1","PTEN","Rab25","Rad50","RAD51","Raptor","Rb_Caution","Rb_pS807_S811","RBM15","Rictor_Caution","Rictor_pT1135","RSK1.2.3_Caution","S6_pS235_S236","S6_pS240_S244","SCD1","SETD2_Caution","SF2","Shc_pY317","SHP.2_pY542_Caution","Smac_Caution","Smad1","Smad3","Smad4","Snail_Caution","Src","Src_pY416_Caution","Src_pY527","STAT3_Caution","STAT3_pY705","STAT5.alpha","Stathmin","Syk","TAZ","TFRC","TIGAR","Transglutaminase","TSC1_Caution","TTF1","Tuberin","Tuberin_pT1462","VAV1_Caution","VEGFR2","VHL_Caution","XBP1_Caution","XRCC1_Caution","YAP_Caution","YAP_pS127_Caution","YB.1","YB.1_pS102"
"HCC38_BREAST",0.032665,-0.258639,0.240518,-0.04823,0.473534,0.440982,0.134611,0.425856,0.159745,0.995535,0.917506,0.279099,-0.160488,-0.20353,-0.412952,1.870673,1.289004,0.762245,-0.174211,-0.082654,-0.870528,0.002917,-0.283404,-0.265643,-0.375959,-0.636665,-0.279236,-0.059835,-0.166032,0.078651,-0.488071,-0.449038,-0.252849,-0.002316,1.123089,0.41913,0.316136,-0.118288,0.202968,0.258863,-0.161627,-0.029356,1.504149,3.370144,-0.070611,-0.748523,0.791136,0.813711,0.235706,0.308151,1.999316,1.000844,-0.181995,-0.109418,0.381679,-0.205194,-0.911147,-0.133145,-0.118441,-0.11036,-0.047505,2.432642,0.384881,-0.744066,-0.179624,-0.53486,0.087239,-0.105357,-0.698274,0.282096,3.941244,-0.233357,-0.132447,-0.610867,-0.541262,-0.059293,0.211277,-0.179173,-0.159538,0.008828,1.409512,0.648265,-0.262423,0.297988,1.807147,-0.27648,-0.015936,0.001175,-0.392333,0,-0.466951,-1.227717,0.603508,0.330469,0.017819,0.130557,0.361497,1.164134,0.197117,0.691648,-0.063438,-0.084692,0.024268,0.408719,-0.107367,0.000225,-0.418723,0.009993,-0.249333,0.256555,-0.66383,0.654374,-0.362856,-0.342762,-0.593278,-0.477523,-0.334185,-0.092813,0.300527,0.090829,-0.066147,0.190994,-0.203644,0.624282,-0.523319,-0.089315,-0.471402,0.288207,0.071615,0.178353,1.720282,-1.063772,1.109986,0.128181,-0.102826,-0.171491,0.99154,-0.314223,-0.249627,0.917129,0.521702,0.344797,0.449505,0.020572,0.334542,-0.30052,-0.167897,3.166729,-0.511015,0.395756,-1.194068,-0.114622,0.035955,0.224751,-0.217155,-0.0291,-0.202766,0.309943,0.648881,0.159626,0.008859,-0.579047,-0.183038,0.269933,0.274285,-0.577864,-3.196962,1.071227,-0.138353,-0.013027,0.33988,1.629944,0.581394,0.200934,-0.316454,0.2634,-0.018242,0.291116,0.573551,-0.119215,0.159322,0.039953,0.234128,-0.126861,0.842705,0.092031,-0.113547,-0.076887,2.762038,0.244862,-0.765666,-0.049933,1.560319,0.293166,1.165178,0.035697,1.389806,1.340096,-0.638934,-0.082292,0.706043,0.450367,-0.382458,-0.186615,0.120507,-0.306861,-0.496074,2.832403,-0.408616,0.448258,-0.114179,0.538023,-0.078334,0.082616
"DU4475_BREAST",-0.1796,0.13904,0.215091,0.324853,0.077344,-0.238779,0.098976,0.776042,-0.202546,0.379887,0.095818,-0.425592,-0.166017,0.518192,1.218075,-1.087248,-0.538469,-0.478771,-0.083235,0.780107,-1.600481,0.083224,-0.189652,-0.103099,-0.140821,0.978787,0.417488,0.158656,0.13753,0.256093,0.029198,0.171458,-0.410543,-0.279953,1.485479,-0.148561,-0.690579,-0.022315,0.781826,0.673897,-0.31904,0.002509,0.065805,0.362595,0.060008,-0.262929,0.598011,0.443063,-0.109542,1.101507,0.254835,-3.0816,-0.095068,-0.219557,-0.101136,-0.433833,0.579402,-0.145212,-0.496965,-0.317521,0.153573,0.696571,0.028558,0.188644,-0.174607,1.507299,1.25592,-0.043841,0.672356,-0.208986,2.114749,-0.402694,-0.898642,-1.293557,-0.844647,0.016926,0.586146,-0.071506,-0.136233,0.177039,0.006648,-0.054951,-0.376633,1.35548,-1.196525,-0.112344,-0.436035,-0.066384,-0.109753,-0.538384,0.852931,0.296149,-0.276559,0.661608,0.238359,0.280122,0.357711,-1.539456,-0.705641,0.024841,0.022534,-0.153805,-0.289238,2.280856,-0.072432,0.415019,-0.30289,-0.078923,0.533313,-0.602832,-0.06349,0.942641,-0.126012,0.503608,0.242145,1.30361,-0.278384,-0.036747,0.784004,1.226708,0.004684,-0.132392,-0.181897,-0.87676,-0.550389,-0.204825,0.142382,-1.204431,-0.350966,2.2277,0.351232,0.242587,-0.184693,0.309689,-0.093695,-0.030742,0.367798,0.665946,-0.093065,-0.263537,-1.11805,-0.14423,-0.302546,0.804785,0.424125,0.797753,0.779611,0.85795,-1.154598,0.353289,1.960171,0.161031,0.301383,0.109602,-0.275194,-0.033528,0.14269,2.522819,2.297715,1.303006,1.62192,-0.520383,-0.048099,-0.385336,-0.470248,-0.43017,-0.37762,1.459134,0.064845,-0.413988,-0.291762,-0.651463,0.428424,0.384968,0.331717,-0.234891,1.158938,-1.215722,-1.967621,-0.145476,-0.024083,0.130142,0.421953,-0.060426,-0.247605,0.114426,0.16333,-0.064188,0.395955,0.436103,0.656366,0.856826,-0.524936,-0.5959,0.714887,0.928703,4.843485,-0.486973,-0.413626,-0.385939,-0.259466,0.881242,-0.179553,0.319495,-0.40891,4.003459,-0.634562,3.856702,-0.32643,-0.395935,-0.904689,-3.45847,-0.251527,0.013273
"MDAMB175VII_BREAST",0.037009,-0.017792,0.30829,-1.142862,-0.052724,-0.2546,-0.640859,-0.333303,0.995723,0.694577,1.332468,-0.213061,-0.371182,0.429346,0.290425,2.171379,1.563505,0.393836,0.606105,-0.921341,-0.779972,0.229017,1.197219,-1.098815,-1.58433,0.946084,0.596211,-0.567285,-0.380336,-0.241826,0.196321,-0.242368,0.315411,0.210827,-0.286411,-0.043328,-0.079419,-0.037986,-0.106956,-0.140532,-0.006658,-0.178219,-0.354794,-0.295951,-0.058304,-0.404618,-0.627255,-0.174174,0.094235,0.375818,-0.200888,-3.699995,-0.209999,-0.090279,0.488218,0.122261,-1.137271,-0.012779,-0.295203,-0.42482,0.002026,1.75008,0.299449,-0.707304,0.26907,-0.214378,0.068339,-0.11812,-0.144779,0.264916,3.801651,-0.334024,-0.202744,-1.028564,0.583862,-0.132579,0.002503,0.28136,1.638311,0.184802,-0.685155,0.513493,-0.350093,3.282317,-0.630913,-0.407971,0.039411,0.221586,0.004805,1.515746,1.319052,2.610355,2.841846,0.628525,0.254628,1.326968,1.166072,1.639849,1.276021,1.548533,0.865295,0.288352,0.125949,1.550213,0.408774,0.768557,-0.196872,-0.05141,0.650723,-0.45649,-1.07428,0.985556,-0.075025,0.565404,-0.098787,-0.124394,0.043116,-0.078368,-1.034747,-1.355813,0.185687,0.386007,-0.274618,0.730746,-0.662627,0.00572,-0.041078,0.36088,-0.122345,0.396777,-0.29421,-0.455806,1.425803,-0.19739,-0.009301,0.183339,0.255978,0.507086,-0.448513,-0.525399,-0.052642,-0.052557,0.92027,-0.580205,-0.062815,0.027795,-0.346794,-0.018859,-0.007063,-0.175106,-0.605625,0.390805,0.655443,0.541495,-0.075047,0.083206,0.187107,0.323437,0.50472,0.612039,0.818612,0.44358,-0.074849,0.359121,-0.036349,0.309794,0.487804,2.53358,-1.100408,-0.05821,0.01864,-0.227955,0.480641,-0.972627,0.497568,0.904467,-0.789174,1.274503,1.294318,1.106782,-0.127969,-0.245987,0.470559,0.149129,0.160775,0.375805,-0.173021,-0.113166,-0.313949,0.169904,-0.182528,-0.605062,0.754929,0.428656,-1.063005,-0.397492,1.876086,-0.622256,-0.79995,0.046942,-0.012917,-0.02672,-0.529276,0.511622,0.964484,0.142075,1.128642,4.031608,-0.291824,-0.094397,-0.425804,-1.429306,-0.319926,-0.128125
"T47D_BREAST",0.046212,0.131015,-0.047201,0.26328,0.627995,0.849992,0.101286,-0.101737,0.849479,1.065821,1.623645,-0.011452,0.188183,-0.1389,0.176713,0.991487,0.191247,0.500793,0.235601,0.4478,-1.321053,0.381175,1.415153,0.192274,0.650905,-0.178979,0.252292,-0.387405,-0.036599,-0.193105,-0.701146,-0.02892,-0.15945,0.240707,0.22665,0.02319,0.292873,-0.210305,-1.187222,-0.794811,-0.017113,-0.517653,-0.116889,-0.313326,-0.186764,-1.000382,1.255646,0.69549,0.210756,-0.245627,-0.34344,-2.793112,-0.155293,0.417181,0.168387,-0.47627,0.619726,-0.265011,-0.072163,-0.007664,0.722483,2.366653,-0.679115,1.050189,-0.547241,-0.240521,0.374939,0.081611,0.006587,0.317245,4.273161,-0.247129,-0.20509,-1.170136,-0.483495,-0.116162,0.018916,0.556807,3.394685,0.37154,0.276414,-0.310598,-0.592439,1.716198,-0.825923,-0.183209,0.114863,-0.133583,-0.424819,-0.188889,0.997237,-1.462537,3.724395,0.611123,0.117798,-1.210713,-1.201122,0.664268,-0.004278,0.955863,-0.211259,-0.143924,0.193445,1.620687,0.571503,-0.319672,-0.493323,-0.493535,-0.055706,-0.152967,-0.60729,-0.062794,-0.409229,-0.166415,-0.500995,-0.540935,-0.233655,0.066411,0.237328,-0.207388,0.604038,0.235921,-0.474902,-1.007766,-0.624118,0.144749,-0.536768,-0.969285,-0.564343,-0.054619,-0.05387,0.25226,0.370853,0.300535,0.23469,0.109687,0.261812,0.554899,-0.645236,0.865772,-0.284668,0.284774,0.035438,0.052161,-0.103465,0,-0.537346,0.090832,-0.393037,-0.18557,1.472591,0.477495,0.896288,0.066908,-0.232382,0.403615,0.655186,-0.843041,-1.23363,-0.337687,-0.862821,-2.013656,0.831344,-0.287119,0.034175,2.291295,1.087024,1.651843,0.339824,0.270499,0.117286,-0.189739,0.259249,-0.422961,-0.284655,0.134507,0.277231,0.400287,0.155673,0.356107,-0.155932,0.372976,0.141026,-0.307281,0.305536,-0.290017,-0.553705,0.198186,-0.093031,0.571777,-0.634902,0.228149,1.039663,-0.29836,-0.07002,-0.000487,1.299988,-0.426053,0.635518,-0.514762,-0.370202,-0.10736,-0.284529,0.536545,-0.350898,0.548244,0.483736,4.376461,-0.106662,0.00092,0.559326,0.577818,-0.143582,-0.567909
"KPL1_BREAST",-0.047316,0.167286,0.360075,-0.038319,-0.168084,-0.515986,-0.022373,0.319567,0.292042,-0.36306,0.300817,-0.961184,0.011171,-0.057335,1.938105,-0.233513,-0.21281,0.39241,0.196937,-2.036231,-1.434805,0.365553,2.45212,0.306374,-0.933479,0.023116,-0.032441,-0.262722,-0.134124,-0.158663,-0.014046,0.077509,-0.495766,-0.026408,0.156566,0.075935,-0.238746,0.009468,0.246039,0.292203,-0.133844,-0.13056,0.056702,-0.058609,-0.034817,-0.44788,0.681482,0.623826,-0.053031,-0.561201,-0.34449,-2.237274,-0.056121,0.213644,0.405742,-0.076175,-0.191184,0.015742,-0.510959,-0.106436,-0.060483,3.273937,-0.306249,0.409644,0.275345,0.376589,0.257575,0.067029,0.241072,0.003886,2.784828,0.110153,0.550357,-1.242352,-0.210863,0.064413,0.13658,0.335417,4.162259,0.604354,-0.142291,-0.6534,-0.381835,1.727472,-0.841867,0.155054,-0.004155,-0.070666,-0.472972,2.528361,-0.675934,0.547675,2.00046,0.428208,0.128361,-0.418512,-0.33365,0.18208,0.191211,2.36763,-0.073392,-0.077551,0.123471,2.056133,1.148835,1.09057,-0.291147,-0.225388,0.400124,0.282088,-0.829244,-0.374807,-0.713673,0.828284,-0.077032,-0.328037,0.258586,0.07987,0.233449,0.39069,0.277661,-0.026097,-1.006046,-1.54284,-0.628531,0.61957,-0.510223,-0.716398,-0.768187,0.527497,-0.098587,-0.877967,0.418263,1.08574,-0.022874,0.085901,-0.111937,0.164531,-0.87097,-0.139795,0.382666,3.331277,0.104271,0.16266,-0.109069,-0.418052,-0.825666,0.066358,-0.068016,-0.071511,-0.672038,0.540609,0.727477,-0.314291,-0.200483,-0.000727,0.173535,-0.343387,-0.535758,0.053625,-0.02358,0.383054,0.569121,-0.345065,0.007643,2.505802,0.649381,1.673108,-0.293554,0.304278,-0.337242,0.052274,0.462954,0.242645,0.049754,-0.164403,0.320074,0.782022,0.819332,0.915545,-0.293418,0.331859,-0.081478,-0.750149,-0.179871,-0.035172,0.137391,0.15126,0.203986,-0.467534,-0.376921,-0.787527,-0.721233,-0.453094,-0.390161,-0.181688,0.342795,-0.086423,-0.901951,0.140022,-0.170864,0,-0.255134,0.362035,-0.165935,-0.0628,-0.464684,1.875865,0.076468,0.339339,-0.329252,-0.734866,-0.253651,0.027459
"HCC2218_BREAST",0.167035,0.008118,0.551498,0.22417,-0.369129,-1.031491,-0.202695,-0.461022,0.694432,0.627465,0.693592,-0.052637,0.313758,0.747205,0.681813,-0.424755,-0.555926,-0.347248,0.011807,-0.066712,-1.114272,0.001377,2.407439,-0.103638,-0.611002,0.289677,0.233551,-0.405137,-0.109589,-0.378491,-0.397401,0.151982,-0.484535,0.186247,-2.687939,-0.091888,0.171865,-0.046265,-0.388106,-0.154107,-0.033162,-0.172565,0.418997,0.09945,0.036757,-0.231034,0.007685,-0.236137,0.03137,-0.090207,0.051289,-2.647282,0.061404,0.535741,0.263226,0.021756,-0.092263,-0.391518,-0.409003,-0.193742,0.178435,2.79999,-0.430322,-0.164314,-0.387903,0.458963,0.23548,0.310346,-0.400089,-0.551782,0.717818,-0.361606,-0.264244,-0.350389,2.822702,-0.036018,0.533265,-0.037416,0.553537,0.041549,0.152262,-0.557217,-0.322485,2.200282,-0.636678,-0.445201,0.24994,-0.018653,-0.682615,0.074282,-0.408968,-0.719976,2.69856,-0.3064,-0.111167,-0.774926,-1.164783,5.42174,4.293075,1.83098,1.268191,0.026663,0.200259,2.710254,0.528887,0.616501,-0.363267,0.037082,0.554831,-0.220385,-0.83806,-0.128963,-0.434314,0.584089,-0.366253,-0.936236,-0.256989,0.169607,-0.301484,-1.004275,0.26621,0.219283,-0.262082,-0.871898,-0.275598,0.190277,-0.749527,-1.212613,0.195459,0.639397,-0.310202,-0.408362,0.161759,0.55031,0.346314,0.062878,0.207722,0.270182,-0.168119,0.090819,0.344585,2.555589,0.534193,-0.306266,-0.236558,-0.313704,-0.425591,0.279467,-0.583423,-0.195548,0.063813,0.720748,0.729677,-0.102992,-0.189072,-0.263001,-0.191569,-0.568218,-0.612347,0.136681,-0.56361,-0.744072,0.214927,-0.686348,0.455301,1.865283,0.723705,1.49345,-0.16408,0.061885,0.110113,-0.560022,-1.309492,-0.263368,0.359916,-0.198013,-0.405332,0.931105,1.124758,0.382462,0.009495,-0.016803,1.206331,0.925078,0.173852,0.648054,-0.347206,-0.256228,0.219815,0.301075,0.120395,-0.23406,-0.573835,-0.22595,0.016773,-0.097927,-0.416262,-0.383143,0.110634,0.131868,-0.279444,-0.477709,-0.358709,0.179944,-0.177192,0.823294,0.017212,1.974787,0.010957,0.071864,-0.317116,-1.299127,1.38047,-0.290322
"HCC1954_BREAST",0.340273,-0.297638,0.958337,-1.045375,-0.657811,-1.110848,-0.559138,-0.593431,-0.301889,0.596565,0.418545,-0.365093,-0.075132,-0.057985,-0.784649,2.017168,0.903152,0.397656,-0.00989,0.083198,0.67195,-0.143842,0.858256,-1.238029,-1.541247,-1.51503,-0.269895,-0.081795,-0.16128,-0.163001,0.132371,-0.830407,0.529811,-0.356997,1.237578,0.15978,2.17506,0.047354,-0.44183,-0.318492,0.100915,-0.54323,0.386046,0.527974,-0.250253,-0.44252,-0.631698,-0.176432,0.017601,0.154842,-0.256489,0.715904,0.105729,-0.444652,1.494154,-0.099599,-0.097502,0.039467,0.142082,-0.001797,-0.094391,3.28863,-0.543964,0.684708,0.515896,0.339457,0.754073,-0.278637,-0.507958,-0.194295,4.039192,0.805043,-0.25399,0.139673,3.211182,-0.001959,0.197728,-0.23444,-0.345259,-0.107906,0.231825,1.115758,0.679857,0.62799,-0.658824,0.136527,0.052824,0.066359,0.235052,1.84142,-0.168598,0.819506,1.110226,-0.400504,-0.118507,0.385953,0.385867,4.8955,4.653271,0.031835,0.107424,-0.212615,0.363118,-0.078216,-0.420796,-0.76302,0.726595,0.160696,1.049191,-0.516155,0.615321,-0.085664,0.586663,-0.197206,0.328947,0.210706,-0.289473,-0.287361,-0.185748,0.00521,-0.188746,0.1727,-0.097177,0.725117,0.110361,-0.332437,-0.016487,-0.607309,1.054711,0.234546,1.440262,2.102608,-0.598205,-0.398511,-0.232459,0.017952,0.235768,0.500592,0.542311,0.708561,-0.297239,-0.305475,-0.174652,0.187506,-0.253036,-0.194147,0.140558,-0.333643,-0.810773,0.203009,-1.755499,-0.060715,-0.082179,-0.033123,1.787087,-0.387859,-0.097826,-0.07107,-0.239019,0.143007,0.118731,0.249055,-0.197046,-0.149118,0.304565,-0.686353,-0.040394,1.893678,0.520649,0.379216,-0.673548,0.080617,0.28947,0.125571,-0.582885,-0.048247,0.267657,1.086032,1.45555,1.064502,-0.253408,-0.367606,0.514642,0.439833,-0.073277,-0.209438,0.070275,-0.463137,-0.213271,0.197251,0.580057,-0.026479,0.530157,0.659802,-0.353862,-0.56684,2.265149,-0.313025,1.055284,-0.142407,0.31221,-0.617662,0.793716,-0.631525,-0.390778,-0.329575,0.491769,0.992138,0.216566,0.053978,0.482535,1.067278,0.116557,-0.011389
"CAMA1_BREAST",0.395372,0.059579,0.529464,1.078023,1.010414,1.211523,0.747441,1.101049,0.339352,-0.891279,-0.421526,-0.344941,-0.307014,0.049712,-0.126617,4.075197,3.151428,-0.199635,-0.670627,-1.284009,-1.62877,0.341577,2.643812,-0.544043,-1.44085,0.892096,0.252176,-0.305334,-0.076315,-0.100387,-0.148036,0.524461,0.778025,-0.086949,-2.022686,-0.098008,1.207947,0.00745,1.99523,1.452382,0.079018,-0.30095,-0.179681,-0.541095,-0.190652,-0.33546,-1.026155,-0.158988,-0.291123,0.701008,0.016649,-3.208588,0.24623,-0.083292,-0.486965,-0.357298,-1.055196,-0.21046,-0.376503,-0.164311,0.07793,2.316138,-0.110031,-0.503434,-0.00102,-0.002769,0.000775,-0.003291,0.696017,0.283063,1.489355,1.010574,0.287219,-1.173777,-0.644181,-0.094477,0.505968,0.361151,1.937871,0.032111,0.267549,0.61036,1.033263,-0.356475,-1.314945,-0.871836,-0.067103,0.066546,-0.03976,0.602217,-0.683189,-0.490269,3.931537,0.289098,0.103315,1.523989,1.565504,1.819162,0.581639,1.196753,-0.066689,-0.192596,1.232292,1.602399,0.11259,-0.417732,0.257123,-0.1283,1.022535,-0.138547,-0.29541,-0.513159,0.59672,0.641171,0.066919,-0.486565,-0.035233,-0.122627,-0.785262,-0.288803,0.162722,0.115245,1.030623,1.712465,0.256621,-0.208359,0.584915,0.134416,0.405367,-0.195536,-0.034471,0.226959,-0.215524,0.201578,-0.070976,-0.024499,0.35367,0.568322,-0.025601,0.96531,-0.553328,0.391388,0.247039,0.094271,-0.271644,-0.79085,-0.590476,-0.483887,-0.556469,-0.157774,1.094253,1.057818,1.276038,0.387934,3.152766,-0.016775,0.059247,-1.394803,-1.949836,-0.502451,-1.69452,-0.326548,0.421534,0.59651,-0.049738,1.161785,0.152649,1.635024,0.339982,-0.554491,-0.001081,0.024868,-0.787045,0.325837,-0.244411,0.291079,0.303333,0.173049,0.602811,-0.199235,-0.084726,-0.265824,-0.081214,-0.704231,0.158043,0.070628,-0.028017,-0.344886,-0.356068,-0.763406,-0.747543,-1.208434,0.339215,-0.432537,-1.35953,-0.14325,-0.895584,0.018729,0.824616,-0.340441,0.192496,-0.418105,0.939883,0.126142,0.747527,0.200036,0.513535,5.250939,-0.167643,0.506204,-0.143612,-0.19742,0.094575,-0.41106
"AU565_BREAST",0.061856,0.026326,-0.293987,-0.982703,-0.559906,-1.254418,-0.390565,0.095034,0.300067,-0.032555,-0.316859,0.279779,0.345845,0.45681,-0.051603,1.410336,0.937085,-0.387345,-0.439604,-0.245985,-0.944519,0.427651,0.705149,0.561985,-0.300033,0.512713,0.51681,-0.21833,0.080345,-0.495598,-0.814839,-0.023511,0.13617,-0.099286,-3.562604,0.110808,-0.502098,0.036411,0.493102,0.399528,0.380039,-0.153977,0.30616,-0.153869,-0.04818,-0.390473,-0.900688,-0.647515,-0.015915,0.205855,-0.113138,-2.532068,0.190047,0.513718,-0.368101,-0.360708,-0.708406,0.083507,0.05513,0.21033,-0.357771,1.801239,-0.174096,-0.997379,-0.240727,0.066984,-0.146326,0.035081,-0.171973,-0.447334,-0.232386,0.320463,0.463217,-0.233529,2.48469,-0.016246,0.197478,-0.131107,0.373874,0.106836,0.422509,0.054047,0.446387,2.139679,-0.927207,-0.510189,0.090908,0.221474,-0.575486,3.696761,-0.780364,1.481835,0.059786,-0.311048,-0.189911,0.043239,0.033332,4.671134,4.203564,0.722092,0.432186,0.209826,-0.036568,-0.047363,0.668802,-0.299692,-0.147231,0.030838,0.327366,-0.599422,-0.379811,0.669915,0.138349,-0.078328,-0.60317,-0.166774,-0.096634,0.007725,-0.271044,-0.266912,0.07934,0.226541,-0.355571,-0.480122,0.163542,0.196605,0.576975,-0.272322,-0.129307,-0.202606,0.022002,-0.104528,-1.241453,0.07772,0.447108,0.060087,-0.2688,-0.430425,-0.539441,0.282204,-0.094031,-0.48645,-0.319378,0.271525,0.116385,0.444764,-0.193912,0.160621,-1.06889,-0.171288,0.202151,0.359705,0.448598,0.070403,1.017586,-0.156445,-0.770826,-0.438084,-0.178196,0.449249,0.573213,0.582653,0.111238,-0.048055,0.762509,2.556903,0.091793,1.537962,-0.045307,-0.261526,-0.101478,-0.310584,-0.678844,0.542125,-0.168017,-0.201897,0.474524,0.29917,0.116263,0.173638,-0.037424,-0.152027,0.399606,0.060949,-0.542117,0.098272,-0.160429,-0.030029,0.065042,-0.477952,-0.181092,-0.803421,1.384371,0.027768,-0.208025,-0.306723,-0.272343,-0.16616,0.538868,-0.386043,-0.286551,-0.579771,0.210049,-0.664445,0.044849,0.562434,-0.196016,3.788251,0.384709,-0.186325,-0.032694,-0.635673,0.086141,-0.221833
"MDAMB361_BREAST",0.11309,-0.036075,0.202845,-0.47617,-0.234383,0.257374,-0.589852,-1.072386,0.335906,-0.171543,-0.597171,-0.004862,0.183147,-0.169167,0.81957,1.339283,0.976325,0.423774,0.089293,-0.253206,-0.959352,0.416397,1.950254,-1.653762,-0.647811,-2.076381,0.737836,0.021133,-0.004703,-0.963717,-0.878876,0.266762,-0.329587,-0.030597,-0.405634,0.109325,0.133438,0.012863,-0.223746,-0.080919,0.11985,-0.26478,0.092119,-0.187943,-0.092992,-0.46399,-0.460735,-0.231181,-0.006624,0.573106,0.109729,-3.114912,0.032333,0.391314,0.096128,-0.001919,-0.248589,0.099836,-0.111053,-0.094972,-0.07233,2.636419,0.021289,-0.490163,-0.215608,-0.407374,0.296673,0.098077,0.319336,-0.409284,3.721467,-0.551452,-0.792985,-0.909151,0.952387,-0.06878,0.278223,-2.184036,3.114935,0.825134,-0.041992,0.119631,-0.317295,2.184092,-0.509742,-0.367266,0.756806,0.027774,-0.794665,2.132506,-1.540826,0.802365,2.042628,0.732715,0.195401,1.074886,1.290621,1.699306,1.035787,0.367307,-0.038548,0.028756,0.218543,2.349632,0.778053,-0.372013,-0.408864,-0.128813,-0.36803,-0.199001,-0.807554,0.40372,-0.463534,-0.272712,-0.054017,-0.006789,-0.267561,0.109048,0.067335,-0.128631,-0.141666,0.204456,-0.233195,-0.67422,-0.391316,0.231314,2.247029,-1.34472,-0.062053,-0.667036,0.186706,-0.588013,0.685007,0.344381,0.255382,-0.041753,0.392765,0.563062,0.888572,-0.354748,-0.70357,1.105921,1.917564,0.543545,0.074843,0.930335,-0.433036,0.229607,-1.208251,-0.306416,1.255675,0.119283,0.45848,-0.318048,-0.121298,-0.024336,0.20011,-0.716083,-0.345398,-0.05847,0.242552,-0.849275,0.102151,0.028235,0.34107,1.982901,0.853958,1.373536,-0.457779,0.242086,-0.66674,-0.14871,-0.02603,-0.622035,-1.054893,0.684724,0.779349,1.296385,1.309401,0.604798,-0.060733,-0.340199,0.408702,0.336033,0.705675,0.049859,-0.448492,0.378126,-0.004968,1.047271,0.423593,1.570023,-0.350173,-0.201175,-0.57808,-0.081452,0.337142,-0.488258,-0.415538,0.032543,-0.20439,0.133632,-0.42925,-0.02474,0.397617,0.584998,-0.452678,3.718992,-0.03762,-0.116285,-0.215042,-0.52883,0.190804,-0.016845
"SKBR3_BREAST",0.015601,-0.091447,-0.467631,-0.567217,-0.186053,0.201317,-0.241644,-0.517487,0.242458,-0.716814,-0.537615,0.289233,0.271283,-0.033678,0,3.330312,2.330268,-0.33801,-0.434621,-0.999354,-1.502665,0.480701,-0.205871,-0.548559,-0.441775,0.02838,0.398138,-0.121293,0.021985,-0.544364,-0.255932,-0.169126,0.380228,-0.088126,-3.289585,-0.090322,-0.233967,-0.06557,-0.529833,-0.26942,0.28828,-0.054728,-0.053942,-0.444661,-0.149144,-0.574327,-0.22239,-0.412906,0.00779,0.606872,0.038614,-2.447415,0.23542,0.127823,-0.399636,-0.271286,-0.262535,0.019647,0.391772,0.05776,-0.061536,1.801384,-0.442537,-0.626946,-0.292992,0.881898,0.016882,-0.018246,0.113626,-0.300042,-1.310288,0.97203,0.245428,0.346643,2.635022,0.052353,0.363193,0.039805,0.004014,0.02932,0.075129,0.396358,0.464974,3.16141,0.631367,-0.050035,-0.095241,0.0946,-0.669731,3.154447,-0.832533,1.713715,0.821341,-0.187539,0.099276,1.31245,0.837637,4.503562,3.835022,0.930605,0.721983,-0.063168,-0.066709,-0.389213,0.022183,-0.382391,-0.190775,0.559993,0.249315,-0.592077,-0.607486,0.77466,0.211885,-0.21237,-0.611258,-0.205075,-0.2336,-0.027331,-0.371407,-0.51709,0.129345,0.497209,-0.249109,0.213434,-0.089501,0.04776,2.058069,0.80662,0.11572,-0.191065,-0.342561,0.690467,0.252461,-0.101664,0.12657,-0.348065,-0.093508,-0.190787,0.230793,0.445315,-0.346556,-0.542753,0.627134,0.200468,0.172473,0.69031,1.471011,0.099254,-0.841561,-0.099571,-0.736467,0.177969,0.32271,0.257441,0.82711,-0.05318,-0.618882,-0.428501,-0.183192,0.847461,1.034502,1.491113,-0.007745,0.706898,1.011012,2.77562,0.068882,1.894082,-0.656638,0.077646,0.454802,-0.112983,-0.338867,-0.573615,-0.449438,0.244941,0.231296,1.769484,2.092122,0.07644,-0.009692,-0.583069,0.562785,0.163433,-0.747491,0.600131,-0.048758,-0.238006,0.035466,0.302702,-0.004279,0.252625,1.588955,0.248928,0.521292,-0.310197,1.130947,-0.232657,1.295557,-0.238931,-0.298466,-0.525027,0.256446,-0.425887,0.649567,0.415771,0.882994,3.193392,0.402626,-0.114412,-0.156643,-0.440602,-0.082644,-0.032807
"HCC1569_BREAST",0.568279,-0.132711,0.650802,0.306371,0.74847,0.833258,0.510505,-0.858815,0.176606,-0.93746,-1.251823,-0.730846,0.049926,-0.776949,0.336468,3.886389,3.688067,0.047789,-0.284401,-0.827794,0.691273,-0.204072,-0.273251,0,-2.687775,1.010946,0.529599,0.031146,-0.270292,0.000773,-0.133287,-0.242235,0.719764,-0.156803,0.383382,0.220049,0.377566,0.137414,1.026741,0.608874,0.343997,-0.026832,0.581839,0.137063,-0.299166,-0.41644,-0.580249,-0.339596,-0.050824,0.247257,-0.126292,-2.503048,-0.130037,-0.29283,0.021932,2.840894,-0.099572,0.430658,0.580508,0.400137,-0.273282,-0.483237,0.576438,0.909301,0.432725,3.115788,0.122468,-0.141984,-0.392271,0.1492,3.233695,0.671225,0.13888,-0.331955,1.525282,-0.116861,-0.094036,0.262553,-0.035142,-0.285784,0.59058,0.759451,1.165815,-0.381378,2.029307,-0.191296,-0.009739,0.216619,-0.140399,0.192389,-2.398611,2.043653,-0.799286,0.673524,0.53107,1.035541,1.618962,5.952899,4.949479,1.243405,0.273192,-0.267481,0.324807,0.943774,0.170042,-0.022838,-0.357399,-0.137657,0.363318,0.300465,0.684126,0.797597,0.827732,-0.010254,0.189437,0.226468,0.365876,-0.162044,-0.730554,-0.157827,-0.999205,-0.28247,0.533324,0.294449,-0.043531,-0.309577,2.988172,0.43748,0.303172,0.431883,0.366209,1.009266,0.017395,0.016479,0.017275,-0.281376,0.510181,0.70301,0.057988,-0.539496,-0.364658,-0.655786,-0.047959,-0.051493,-0.444438,-0.107506,-0.268453,-0.531823,-0.247138,0.931936,-0.079514,-0.135576,-0.246047,0.340292,2.569935,-0.322601,0.257709,-0.052187,-0.844494,0.002804,-0.289616,0.94957,0.485497,0.533869,0.269435,0.115927,-2.304812,0.09814,-0.384195,0.161473,-0.675973,-0.100812,-0.467109,-0.973402,-0.642352,-0.092333,-0.054403,-0.309427,0.191311,1.002353,0.103994,-0.761674,0.391928,-0.215172,-0.44746,0.021277,0.052654,-0.107621,-0.026944,0.731933,-0.244822,0.272574,-0.200353,-0.120973,-1.668365,-0.459855,-1.775336,-0.03133,1.844477,2.379069,-0.69079,-0.356639,1.087373,-0.613627,0.757252,-0.063235,1.112884,-1.840974,-0.256662,-0.166271,0.600615,1.042674,0.372019,0.10544
"HCC1395_BREAST",-0.130892,0.021921,0.020964,-0.292465,0.61884,0.278003,-0.057549,0.452823,0.278541,-1.21829,-1.30048,1.150549,-0.018107,-0.210781,0.614197,3.366783,2.521027,0.306071,-0.220381,-0.466644,-0.062677,0.216222,-0.0095,0.471702,-1.596426,0.814587,0.476014,0.264592,-0.122011,-0.078933,-1.0861,-0.505634,0.045603,-0.129383,1.531783,-0.103476,-0.641145,-0.127366,-0.738049,-0.595556,0.380943,-0.015885,-0.481782,-0.020458,-0.115954,0.194688,0.276603,0.300317,0.062395,-0.054466,-0.06627,4.047202,-0.130454,-0.115152,-1.103221,0.037259,-0.180543,-0.001742,0.638784,0.417674,-0.135755,-0.591278,0.310478,-0.048736,0.006622,0.337551,0.316353,-0.153691,0.057655,0.033785,-0.758948,0.526281,0.35658,0.393746,-0.440605,-0.196221,-0.158062,0.315762,-0.358171,-0.028446,0.102112,-0.006714,0.726534,-0.376808,2.228261,0.969868,-0.185652,0.074253,1.150079,2.749989,-1.245625,1.617936,-0.065588,-0.263614,-0.202714,0.717826,0.884941,0.61449,-0.254378,-0.462953,-0.006621,0.278567,-0.224078,0.031042,-0.972996,0.55862,0.120923,-0.428223,0.229218,-0.124004,-0.198446,-0.220556,1.330989,-0.137479,0.334954,-0.437194,-0.114813,-0.288619,-0.194581,0.554432,0.080443,0.261224,1.409471,1.608176,0.852863,-0.24565,3.153488,0.028613,1.11902,-0.052718,-0.286169,-0.845478,0.14582,-0.080114,0.052831,-0.049839,-0.018519,-0.063173,-0.712135,1.570629,0.835024,-0.545822,-0.05648,0.52811,0.055135,-0.172694,-1.224593,-0.047613,-0.077784,-0.067157,-0.464038,0.101235,0.224753,0.133857,1.340554,-0.098973,0.386478,0.466599,0.513087,0.135642,-0.209838,-0.246241,-0.470363,0.936286,0.440485,0.35944,-2.858041,-0.521072,-0.404585,0.439045,0.332912,0.238647,0.760353,0.658341,-0.021833,0.444999,0.721544,0.842597,0.913935,-0.03632,-0.848762,0.033625,-0.323275,-0.564402,-0.843909,-0.253941,0.179859,-0.213123,1.243382,-0.06819,-0.168738,-0.131006,1.044002,0.251937,-0.82669,-0.193185,-3.225146,0.672354,0.197671,0.095502,0.284074,-0.139077,1.188199,0.13523,0.442702,-0.868038,0.780056,1.498334,-0.1339,-0.265487,0.25062,0.489959,0.38494,-0.22339
"ZR751_BREAST",0.016493,0.060062,0.012891,0.56067,0.110576,0.709728,0.154407,0.066832,0.583501,0.898735,0.613619,-0.172264,0.189857,0.368861,1.03127,1.042823,1.213646,0.31864,-0.121143,0.42293,-1.186201,0.367072,2.457318,-1.729315,-0.436387,-0.102122,0.188244,-0.177688,-0.024517,-0.144626,-0.318547,1.369441,-0.318108,0.026634,0.240529,0.234993,-0.639078,-0.1061,0.927678,0.5641,0.153046,-0.427049,-0.017257,-0.221514,-0.118579,-0.594055,0.069012,0.111173,-0.098934,-0.036484,-0.219341,-3.028042,-0.035129,0.408795,0.573312,-0.084273,-0.783638,-0.225902,0.230453,-0.118518,0.033371,3.300933,-0.091949,-0.839565,-0.256756,-0.046064,0.002071,0.013638,0.497395,-0.300883,3.926655,-0.508693,0.114349,-1.194442,-0.321155,-0.170491,0.243548,-0.836231,3.868138,0.711574,0.133624,0.149115,-0.324129,2.745838,-1.110566,-0.248447,0.158511,-0.121059,-0.739821,1.529558,-1.025449,1.617614,3.664128,0.098829,0.105149,0.26357,-0.036163,1.246305,0.419732,0.72568,-0.206603,0.07153,0.193221,0.939107,0.548952,0.097096,-0.339259,0.046379,0.40087,-0.381094,-0.776992,0.323188,0.048274,0.038111,-0.17921,-0.171902,-0.261561,0.032228,-0.079509,-0.378543,0.377023,0.206494,-0.593239,-0.903812,-0.436111,0.129205,-0.736655,-0.803852,0.266497,-0.313484,0.024982,-0.54522,0.790021,0.661249,0.374526,-0.162286,0.063903,0.08406,0.013827,-0.299308,-0.359248,0.346245,0.16704,0.158531,-0.012545,0.299496,-0.457147,0.318241,-0.57196,-0.197019,2.725867,0.598273,0.832735,-0.119565,-0.076197,-0.211154,-0.086831,-0.761861,-1.086536,-0.146862,-0.180334,-1.231896,0.394416,-0.221465,0.393688,2.75815,-1.163806,1.711758,-0.478117,-0.044458,0.447409,-0.319539,-0.730438,-0.066449,-0.027242,-0.16181,0.417719,-0.689886,-0.549643,1.922764,-0.0228,-0.089182,0.534935,0.036709,0.043083,0.235888,-0.256864,0.064541,-0.156315,0.073443,-0.51963,0.489294,0.453915,-0.302481,-0.766883,-0.134043,1.436378,-0.670001,-1.439001,-0.144605,-0.336869,0.007257,-0.365869,0.148687,0.135892,0.475625,0.39304,3.437282,0.021247,0.361482,-0.548018,-1.669676,-0.182761,-0.312168
"HCC70_BREAST",0.089176,-0.147475,0.519956,-0.710778,-0.420148,-0.727408,-0.4834,-0.534111,-0.192914,0.600567,-0.073123,-0.424404,0.072787,-0.217123,-0.115866,2.319838,1.601606,0.2525,-0.001719,0.484576,1.430963,0.05913,0.287661,0.296772,-0.351655,0.496877,0.463956,0.278863,-0.153547,-0.348963,0.353723,-0.558142,0.256796,-0.245366,1.062193,0.281362,0.091091,0.012863,0.880591,0.631759,-0.157506,-0.395282,1.411648,-0.332776,-0.182841,-0.591833,-0.588948,-0.387401,-0.06867,0.096374,0.011828,-1.687904,0.187708,-0.295226,0.92118,-0.465261,-0.182075,0.547804,0.704919,0.043321,-0.346148,4.664493,-0.137919,-0.161988,0.133374,-0.535835,1.044652,-0.162018,0.081242,-0.085256,3.677143,0.264241,0.524108,1.000352,0.635184,-0.076139,-0.25625,-0.324148,-0.346299,0.057676,0.198128,0.981301,0.688821,0.188777,-0.775097,0.566089,0.002695,0.184586,-0.351134,1.376869,-1.852244,0.686714,1.341271,0.171175,0.083782,-0.31324,-0.405054,0.443683,0.206539,0.329003,-0.256363,-0.227062,-0.124789,-1.067036,-0.28172,-0.350017,0.53167,-0.059436,0.062147,-0.591069,2.005318,0.231844,0.63808,-0.286756,0.63623,-0.090908,0.033742,-0.247564,-0.229967,0.059377,0.430573,0.278381,-0.065081,1.326605,0.088514,-0.313627,0.355327,0.769027,0.369354,0.106547,1.195327,3.466546,-1.112718,-0.219487,-0.135178,-0.321222,0.241121,0.604475,0.180292,1.3476,-0.598432,-0.678737,-1.196305,0.828196,-0.361697,0.103962,-0.834127,-0.402214,-0.902137,0.153653,0.828518,0.375993,0.456189,0.119093,1.444735,-0.105385,0.291348,-0.893567,-1.342296,-0.258884,-0.003163,-1.477861,-0.194665,0.220023,0.696251,-0.651981,-3.033858,2.236966,0.022967,0.121838,-0.369594,-0.476769,-1.533025,0.118515,0.43097,0.073042,1.209278,-0.718458,-0.75528,-0.089519,-0.245216,-0.227865,0.55711,0.01179,-0.463217,0.151327,-0.057824,-0.224682,-0.077964,-0.428983,-0.131825,0.016793,0.440527,0.848865,0.403633,0.090784,-0.972925,-0.159668,0.585882,-0.494265,-0.088453,-0.665793,0.415956,-0.24754,0.255492,-0.036784,-0.363257,2.402254,0.042551,-0.56294,-0.33214,-0.460243,-0.160723,-0.287553
"MCF7_BREAST",0.096842,0.050084,0.621212,-0.048572,-0.533673,-0.523235,-0.271543,0.017732,0.288316,0.347661,-0.07053,-0.046149,0.26377,-0.270419,1.036296,-0.218194,-0.299649,0.04685,0.168556,0.581819,-1.13965,0.202967,1.516778,0.239363,-0.886447,-0.238745,0.300839,0.079211,-0.00611,-0.232174,0.221846,1.586752,-0.158139,0.066005,-0.295371,0.143369,-0.5523,0.086001,1.735654,1.455827,0.205176,-0.162127,0.045836,-0.347768,-0.012561,-0.306885,-0.531532,0.319032,-0.083991,0.191296,-0.201031,-2.276951,-0.014522,0.442748,0.647915,0.245894,-0.840504,-0.097702,-0.097563,-0.141184,-0.103681,3.14698,-0.375863,-1.000956,-0.467119,0.210681,0.208757,-0.025521,0.581069,-0.201659,3.720337,-0.059431,0.346694,-1.015906,-0.41787,-0.073197,0.039897,-0.176894,3.277838,0.426867,0.189085,-0.562324,-0.310882,1.744995,-0.880011,-0.356746,0.643702,0.078202,-0.926036,1.943701,0.932715,0.674906,4.848493,0.564119,0.069677,1.097422,0.480054,0.359732,-0.154712,0.762347,0.230561,0.125882,0.342495,1.37616,0.700192,1.337611,-0.205491,-0.158484,0.290125,-0.0942,-0.597003,-0.897126,-0.011369,0.2936,0.086646,-0.548284,-0.32581,0.089246,-0.016914,-0.019973,0.100955,-0.07492,-0.188814,-1.341642,-0.37452,0.42545,0.094127,-0.205697,-0.349449,0.013732,-0.08243,-0.752088,-0.000938,0.548527,0.281566,0.185071,0.069664,0.16907,-0.465572,0.000895,-0.538293,2.885258,0.450812,0.220749,-0.121897,-0.494824,-0.430034,-0.187926,-0.276718,0.068361,0.906083,0.506557,0.665711,-0.338925,-0.144917,0.036324,0.112828,-0.392765,-0.311538,-0.139979,-0.5325,-1.197751,0.173521,-0.255489,0.397902,2.56769,0.998188,1.379615,-0.248594,-0.333504,-0.219355,-0.397333,-1.310171,0.126938,-0.239877,0.204646,0.441034,1.11539,1.05785,0.573748,-0.008104,0.012247,-0.158489,-0.352695,-0.099702,-0.112205,-0.198294,0.204719,0.18144,-0.392293,-0.494138,-0.382213,0.120895,-0.38986,-0.70646,0.039134,0.869514,-0.359344,-0.49,0.138191,-0.000407,0.042543,-0.366095,0.320028,0.298299,0.582362,0.008464,3.46785,0.057642,0.180278,-0.413721,-1.38865,-0.073149,-0.526106
"MDAMB157_BREAST",0.150246,-0.204495,0.566321,-0.079371,1.072124,0.568154,0.335443,0.080541,-0.251585,-0.925418,-0.337557,-0.1434,-0.12576,-0.493691,1.246309,-0.738862,-0.482426,-1.008559,0.332327,-0.219302,-0.220138,-0.604781,-0.4406,-0.829999,-0.531276,0.395856,0.140082,0.17778,-0.022725,0.149297,-0.365859,-0.076815,0.279048,-0.271439,0.051353,0.036555,0.726278,0.057555,-0.018226,-0.081512,-0.108961,0.034771,1.714493,-0.352399,-0.117406,-0.869519,0.446369,1.333527,0.217544,0.712958,0.232743,2.46034,0.186725,-0.209958,-1.113036,-0.416268,-0.270086,0.040694,0.113752,0.627161,-0.384302,0.204278,0.264912,0.448305,1.030846,1.524267,0.075659,-0.051488,0.39332,0.775127,-1.302304,1.097225,-0.112014,0.208496,0.53382,0.083418,-0.335056,-0.021015,-0.404333,-0.056317,0.028925,0.851033,0.739897,-0.363237,2.431802,-0.465713,-0.181348,-0.194289,0.134639,-0.596417,-1.491579,-0.990903,-0.445638,0.013084,-0.060461,0.290668,0.379174,0.452277,0.292184,-0.380987,-0.112709,-0.081808,-0.011439,0.238711,-0.262012,0.905369,0.510602,0.164873,1.516253,-0.042534,-0.166188,0.142557,0.873809,-0.084882,-0.040912,-0.627991,-0.227659,-0.118119,0.109426,1.062023,1.182928,1.017664,-0.207264,-3.421165,0.302577,-0.359734,-0.278306,0.109167,1.051245,-0.416912,-0.302742,1.640803,0.702576,-0.285103,-0.1868,-0.107728,0.277373,0.457683,-0.512911,-0.809537,-0.191182,0.596167,1.009672,-0.157551,-0.210384,-0.298988,0.127158,0.104849,0.668429,0.047299,-0.940306,-0.047262,-0.070561,0.569318,1.718527,-0.127701,0.209982,1.32204,1.110379,0.306905,0,-0.487185,-0.066986,0.141829,-0.391361,-0.323309,0.233211,-0.462825,-0.085009,-0.405881,0.809674,-0.316584,-0.676152,0.543711,0.531113,0.897585,-0.021304,1.207172,1.473119,-0.265204,-0.325369,-0.015246,-0.412467,0.540641,-0.083995,-0.181792,0.490315,-0.156605,0.67212,-0.07662,0.907256,0.207536,0.469883,0.360652,1.654289,-0.086472,-2.165471,0.169143,0.832584,-0.430067,-0.270101,0.269722,0.756541,0.505648,-0.153511,-0.101624,-0.117982,-0.822356,-0.026624,-0.254402,-0.031939,0.281729,0.143557,0.062615
"EFM192A_BREAST",-0.0455,-0.173825,-0.188578,-0.476565,-0.176455,-0.308049,-0.212048,0.184575,0.160984,0.720176,0.382247,-0.434735,-0.217699,-0.304863,0.835202,3.194632,2.216225,0.06741,0.459377,0.855786,-1.452407,-0.17549,0.862241,0.35008,-0.832474,0.76104,0.758356,-0.210757,-0.04134,-0.158057,-0.380702,-0.45786,0.541722,-0.173541,0.19298,0.106088,-0.664205,0.012863,0.204976,0.111656,-0.031616,-0.211168,0.786641,-0.39876,-0.193453,0.00667,-0.003905,-0.001528,0.173761,0.226991,-0.270894,-2.759835,0.160029,-0.026364,-0.573894,-0.157843,-0.399979,0.186949,-0.137664,-0.294344,-0.198129,3.261222,-0.294825,0.253676,-0.19066,-0.075908,0.601286,-0.096632,0.089368,0.097176,3.654276,0.476029,-0.368844,-1.104304,3.060756,-0.016417,0.165161,-0.134042,2.037935,0.084653,0.144683,-0.189489,0.457825,2.329354,-0.733925,0.105779,-0.009209,0.127721,-0.474775,3.321148,-0.885226,0.13202,1.470487,-0.112984,0.409857,1.629473,0.902086,5.117843,4.703067,1.392883,1.378349,-0.086277,0.023631,0.856174,-0.045824,-0.465519,-0.579093,0.102098,0.826765,-0.142851,-0.497136,0.287051,0.943158,-0.213049,-0.061258,-0.064826,-0.331828,-0.108186,-0.479646,-0.172656,0.497914,0.729729,-0.326116,0.493076,-0.042403,-0.09336,-0.498298,0.02568,-0.290524,0.241974,-0.155103,-0.176804,-0.129293,-0.084304,-0.065343,0.292071,-0.088547,0.013624,0.041926,-0.820533,0.329397,1.325916,1.593249,-0.150859,0.006891,0.302169,-0.862101,-0.184114,-0.15703,-0.20998,-0.569108,0.302722,0.395076,0.041973,0.858316,-0.450918,-0.192976,-1.620561,-2.257147,0.38025,0.520133,0.549189,-0.084607,0.681415,0.047232,3.752191,1.050144,0.886047,0.180717,0.05679,0.219348,0.161806,0.519335,-0.622666,0.20548,0.418247,-0.094392,1.218716,1.777055,0.965154,-0.121702,-0.099636,0.274094,0.077161,0.580004,0.171782,-0.115186,-0.327677,-0.111557,-0.352113,0.120841,-0.017709,-0.149505,-0.321736,-0.33096,-0.271572,2.00065,-0.30299,0.106421,-0.084462,-0.230142,-0.552586,0.325409,0.040741,0.378723,0.526471,0.281239,2.736023,-0.02281,0.402162,-0.591205,-1.479194,-0.136761,-0.160195
"MDAMB453_BREAST",0.145301,-0.169095,0.103758,0.204891,0.804726,0.898184,0.317397,0.636707,0.542898,0.389759,0.592005,0.324363,0.21588,-0.144812,1.207527,1.229913,1.420066,-0.516368,-0.45761,-0.904618,-1.189166,-0.017159,3.573788,-0.917327,-0.262793,0.366744,0.318061,-0.555003,0.127263,-0.491698,-0.264825,-0.173832,-0.003259,-0.062822,-2.690852,-0.190111,-0.690703,-0.101815,-0.102203,0.009442,0.12377,-0.239002,-0.075952,-0.045002,0.046633,-0.787609,-0.433486,0.417347,-0.04052,0.039301,-0.159668,-2.380884,-0.037075,0.228863,0.121463,-0.31533,0.674232,0.124766,0.572574,-0.154693,0.404795,2.700245,-0.637016,0.663975,-0.290305,-0.091983,0.558749,-0.001314,0.272676,-0.003488,-0.095809,0.492894,0.420962,-1.090918,-0.344647,0.006578,0.365632,0.61502,0.552833,0.181015,0.233188,-0.252177,-0.266268,1.65996,-0.616472,0.414603,0.079446,-0.105157,-0.879423,4.045092,-1.1,0.635212,3.81135,0.557992,0.356111,-0.492551,-0.487337,1.683912,0.655931,0.849516,0.290004,-0.011614,0.047271,2.176214,0.470256,0.212108,-0.272962,-0.348081,0.174636,0.816551,-0.679519,-0.653925,-0.190886,0.167933,0.123505,-0.424274,-0.029433,0.034476,0.571058,0.674489,0.113439,0.105728,-0.297553,-0.716695,-0.409855,0.049656,-0.239181,-0.361909,0.312155,0.076655,-0.280263,-0.155625,0.61363,0.438948,0.178579,0.041149,0.273381,0.675295,-0.634118,-0.205588,0.083411,0.560284,0.541656,-1.150862,-0.231185,-0.489304,-0.523808,0.127634,-0.628754,0.06765,0.203669,0.152399,0.337025,-0.180775,0.262129,0.069571,0.352763,-0.514965,-1.298202,-0.030843,-0.799722,-1.059197,-0.067829,0.179136,0.183308,0.468989,0.400943,0.994952,0.13029,0.759029,-0.33485,0.401502,0.762,-0.231497,-0.343675,-0.194093,-1.918779,2.035285,2.058878,0.094993,-0.070048,0.35559,-0.038588,-0.163801,-0.220901,0.209154,-0.165045,0.08517,-0.15596,-0.89679,-0.606183,-1.321314,-0.244816,-0.119039,0.202973,0.043886,-1.226997,-0.26904,0.454108,-0.23726,-0.442221,-1.123905,-0.089464,0.282334,0.222013,0.716429,-0.688528,3.207605,0.037408,-0.071883,-0.012378,0.503837,-0.158415,-0.493865
"EFM19_BREAST",-0.042591,-0.276753,-0.177575,-0.733436,-0.072159,-0.530829,-0.640215,0.427052,0.376038,0.778505,1.779656,-2.3e-05,0.264465,0.216854,0.030901,0.778886,-0.166534,0.121534,-0.620155,-0.530879,-1.376692,0.169643,2.392176,-1.229374,-0.539475,-0.316611,-0.069411,-0.523906,0.274488,-0.006069,0.150042,-0.249459,-0.2767,-0.080747,-0.81538,-0.295201,0.228754,-0.06927,0.322451,0.282816,0.162636,-0.293705,1.168028,-0.13086,0.07425,-0.235603,0.30971,-0.030463,0.302854,0.628492,-0.223247,-2.334979,-0.140153,0.246834,-0.572409,-0.410225,0.273267,-0.081539,-0.21239,0.084183,-0.145418,2.360902,-0.582909,-0.550586,-0.252124,0.355018,0.606353,0.045958,-0.973933,-0.108269,3.520232,-0.425157,0.856636,-1.111208,-0.542657,0.040884,0.287213,0.693823,3.80542,0.697976,0.05236,-0.746891,-0.65244,1.040424,0.393737,-0.169398,0.526805,-0.016979,-0.821396,0.117236,-0.812235,-0.924699,3.465663,0.772507,0.191089,0.032312,0.286447,1.417735,0.445831,0.953385,-0.104317,0.040908,0.236133,1.41476,0.561561,0.151116,-0.112116,-0.423515,-0.267507,0.01342,-0.794869,-0.718678,0.0214,0.522339,-0.494289,-0.674942,-0.364061,0.084714,0.73656,0.666166,0.152436,0.154569,-0.23001,-0.723493,-0.539048,0.033939,-0.641025,-1.275488,-0.411781,0.72517,0.609809,-0.635038,0.51865,0.854557,0.277413,0.141836,0.361343,0.694351,-0.93,0.010079,-0.98623,0.777865,0.833782,-0.341783,-0.058786,-0.336195,-0.563899,0.402797,-0.320192,0.120711,0.759178,-0.022221,0.027935,-0.538761,-0.243733,0.077279,-0.111226,-0.814955,-1.518695,0.262136,-0.095023,1.269042,0.213805,-0.066572,0.29797,2.893289,-0.272758,1.412914,-0.285919,0.086001,-0.413363,0.633503,0.555362,0.200106,0.036354,0.077591,-0.286097,0.302115,0.63208,-0.177931,-0.119483,0.461546,-0.227724,-0.443883,0.137991,-0.158365,-0.025152,-0.090515,0.498288,1.07411,-0.617804,0.399266,1.009157,0.100274,0.723829,-0.051737,-1.256402,-0.144058,-0.175134,-0.480352,-0.261169,0.15759,-0.491756,0.447283,0.100056,0.637133,1.100099,4.38315,-0.155046,0.390479,-0.300417,-1.509475,-0.194875,-0.611506
"BT474_BREAST",0.776948,0.133628,0.258031,-0.6477,-0.480913,-0.211219,-0.659572,-0.658149,0.055229,2.326985,2.166904,-0.802838,-0.129687,-0.433271,1.154015,1.661112,0.611983,0.554318,-0.19022,-0.259761,-1.2957,-0.087795,2.18061,-0.1096,-0.352139,-2.593727,0.583644,-0.141398,-0.047744,-0.63355,-0.68468,1.035418,0.311165,-0.19421,-0.139246,-0.066006,0.043399,0.096407,0.921576,0.578289,-0.217882,-0.647224,0.463965,-0.245224,-0.175706,-0.734089,0.013814,0.615073,-0.104494,-0.357244,0.367741,-2.864655,-0.079975,0.129242,-0.38168,-0.308178,-0.155638,0.041232,0.079181,-0.507908,0.666646,2.834153,-0.199925,0.268026,0.047886,-0.363202,0.754977,-0.03044,0.008972,-0.663034,4.273629,0.541733,-1.041812,-1.145454,-0.40093,0.046507,0.124642,-1.983974,2.826188,0.517869,-0.01561,0.440924,0.02456,1.770562,-0.862037,-0.984489,0.641079,-0.236194,-0.52371,0.223039,-1.487531,0.096597,3.006655,1.0678,0.877245,1.740872,1.778305,3.465626,2.703822,0.552459,-0.011415,-0.257911,0.073846,2.035382,0.191337,-0.737258,-0.616,-0.621008,-0.104351,0.360119,-0.855472,-0.825852,0.595129,-0.334881,-0.287289,-0.640671,-0.190022,-0.056631,0.344504,0.579158,0.372745,0.372002,-0.149833,0.306177,-0.240249,-0.178046,0.536087,-2.194421,-0.17639,-0.610466,-0.298641,-0.770428,0.52787,0.142971,-0.167868,-0.360177,-0.10694,0.172802,-0.984018,0.837522,0.247549,1.697694,1.820595,0.615149,-0.267706,-0.428833,-0.680668,0.651737,-1.867053,0.286246,0.348545,-0.455652,0.135095,-0.00385,0.077747,-0.071744,0.277645,-0.768301,-1.325895,-0.414017,0.425773,-0.146275,0.034561,0.396402,0.08173,3.772547,1.515978,2.186221,-0.243749,0.321553,0.272089,-0.170628,-0.157444,-0.266302,-1.421802,0.149155,0.939845,1.297184,1.869509,0.153093,-0.314718,0.140724,0.121066,-0.559985,0.234625,0.316553,-0.279211,0.244496,-0.41534,-0.728148,-0.884879,0.132369,0.109565,-0.762044,0.724609,0.216268,1.805115,-0.571275,0.9591,-0.273937,-0.227143,0.054914,0.326829,0.549474,-0.065356,0.167518,-1.096166,1.737479,-0.11259,-0.027335,0.722628,1.913122,-0.175997,0.098205
"MDAMB415_BREAST",-0.078191,0.03522,-0.642177,-0.991251,-0.397921,-0.555012,-0.53992,-0.280413,0.736394,0.541407,2.143324,0.130723,0.181013,0.974981,-0.090154,2.551186,2.277217,0.715185,-0.055674,-0.377474,-0.209384,0.227859,1.926844,-0.575966,-0.956472,0.521011,0.178159,-0.01096,1.219845,-0.711275,-0.653275,0.062809,-0.318557,-0.091533,0.348636,0.268948,0.292279,-0.155878,-0.220541,-0.007109,0.075084,-0.134177,1.568602,-0.270051,-0.111347,-0.335268,0.108189,-0.459154,-0.364791,0.884931,-0.517006,-1.161861,0.228662,0.244444,0.18189,-0.386695,-0.899298,-0.0202,0.27232,0.116425,-0.48179,3.470865,0.055144,-1.577887,-0.485251,0.028805,-0.035261,0.421139,-0.260576,-0.409031,5.458931,-0.830061,0.300854,-1.333224,-0.43032,-0.063937,-0.273094,-0.758947,1.83464,0.571104,-0.225873,-0.221787,0.051393,1.253768,-0.583697,-0.629299,0.368695,0.216521,-1.014365,0.612342,-0.473794,0.172845,4.486492,-0.226362,-0.092961,-0.311348,-0.280935,0.637831,0.207506,0.690949,0.050685,-0.003768,0.387233,1.529736,0.267652,-0.360618,0.03151,0.486077,0.017147,0.062457,-0.339231,-0.685123,-0.533235,-0.281875,-0.439088,-0.543844,-0.278767,0.084968,-0.264054,-0.897185,0.261546,-0.114222,-0.396841,1.053162,-0.365723,-0.00366,-0.718663,-0.318776,-0.156535,-0.470806,0.123772,0.317954,-0.004949,0.412048,0.124841,0.039897,0.132969,0.688878,0.739484,0.344692,0.05331,-0.222973,-0.344471,0.523055,0.172162,-0.209766,0.216774,-0.013459,-0.387962,-0.047615,3.706392,-0.015671,-0.019352,-0.568099,0,0.142736,0.405202,-0.14214,-0.00976,0.01097,0.107414,0.445597,0.169011,0.160772,0.619818,1.712766,-1.737276,1.383496,-0.631622,0.095041,-0.48313,-0.382711,-0.854489,0.240894,-0.081908,-0.287321,1.276375,0.606495,0.642247,-0.011777,-0.046099,-0.279412,0.170598,-0.013373,-0.065407,0.031151,-0.038563,0.586257,-0.056317,0.721054,-0.409899,0.021203,0.279343,0.156003,-0.624352,0.00215,-1.537747,-0.374343,-1.47524,-0.357432,-0.28666,-0.899541,-0.275326,0.409182,0.432472,0.335019,1.382743,5.068854,0.021622,0.067491,-0.305207,-0.708101,-0.143501,-0.520367
"MDAMB468_BREAST",-0.220149,-0.034475,0.273538,-0.249141,0.519542,0.181474,-0.14163,-1.439674,0.155442,-0.516982,-1.336211,-0.01138,-0.12551,-0.291695,-0.109009,3.053906,2.376356,-1.148883,-0.4208,-0.414333,0.838581,-0.144832,-0.336512,0.487717,-1.667679,0.210876,0.135067,0.419972,-0.134483,0.038529,-0.200414,-0.169682,-0.480886,-0.10028,-0.350056,-0.173107,0.479273,-0.034855,0.260708,0.167513,-0.241635,0.050071,-0.078924,-0.171961,-0.053296,-0.499508,-0.79634,-0.170772,0.142089,0.113443,0.093076,-0.892496,-0.06139,-0.096514,-0.166814,-0.43753,0.718637,0.303581,0.262686,0.01297,-0.053347,2.877077,0.552299,0.065768,-0.194707,0.369604,0.204125,-0.08939,-0.245192,0.13739,3.20904,-0.423751,-0.702745,3.37221,1.890111,0.401052,0.129427,-0.015981,-0.014061,-0.114881,-0.273176,0.043162,-0.289122,0.3218,-0.772139,0.225297,0.534804,0.425224,-0.590543,0.080594,1.884576,-0.327959,1.445171,0.413094,0.18696,0.577474,0.289513,-2.158206,0.477379,0.486729,0.001241,-0.308378,-0.139038,-0.472111,-0.066985,-0.308878,-0.122499,0.157425,0.599858,-0.317847,-0.643636,0.968664,0.357231,-0.208416,0.291285,0.09914,0.070215,-0.048064,0.422761,0.557844,-0.222264,0.261395,-0.385418,0.14736,-0.768634,-0.060525,0.169199,0.666713,-0.092745,0.159984,0.379837,1.347743,0.329741,-0.120268,0.110387,0.061241,0.304206,0.390976,0.674017,1.697033,0.591019,-0.311369,1.099678,0.792816,0.173668,1.263034,-0.444036,0.027405,-0.486377,0.709408,0.171389,-0.366371,-0.355848,-0.193221,-0.25786,-0.340422,-0.085058,-0.619668,-1.327269,-0.249211,0.689014,-0.691479,-0.068033,0.708847,-0.291721,-0.44406,-3.129454,1.238331,-0.48127,0.032637,6.9e-05,-0.94965,-1.445484,-0.008024,-0.009677,0.457331,1.083319,1.948254,1.915504,0.049278,-0.074492,0.010498,0.44391,0.068526,-0.846262,0.274385,-0.216899,-0.319079,-0.079936,-0.423422,0.421188,0.754429,1.029349,0.799604,0.869258,0.605635,2.080222,-0.061407,-0.731972,-0.348771,-0.26308,-0.024703,-0.272001,-0.349887,0.010878,-0.170579,-0.351435,1.985379,-0.062493,0.305845,0.491162,1.292609,-0.000843,0.273761
"CAL851_BREAST",-0.173878,-0.111235,-0.131147,-0.456831,0.427919,0.238743,0.645635,-0.482194,1.135013,-1.442066,-1.216649,0.421489,-0.222698,0.045214,-0.692114,-0.549576,-0.491899,0.868068,-0.185067,-0.92392,1.243368,0.354712,-0.271102,-0.972831,-1.666488,-0.771471,-1.023433,-0.079982,0.005692,-0.630668,-0.461574,-0.937316,-0.124975,-0.346711,0.909644,0.207469,1.163197,0.019427,0.462215,0.335521,0.24719,0.586712,-0.294169,1.096449,-0.10772,0.634178,-1.013623,-0.53527,-0.116286,0.304401,0.21185,2.362602,-0.566595,1.232742,2.414249,0.162945,-0.68457,-0.2549,-0.519735,-0.249297,0.012309,3.872813,1.629886,0.345316,0.209042,0.989967,0.29495,-0.149522,-0.767847,0.212538,3.671703,-0.728206,-0.184352,1.689097,1.189898,-0.153714,-0.129352,-0.425607,-0.094864,-0.224487,0.636498,0.306384,-0.108334,-1.172948,2.253713,0.113188,0.717276,-0.110266,1.084787,1.241469,0.019473,-0.386288,0.908012,-0.563236,-0.697421,-0.392193,-0.62646,0.988908,1.063255,-0.206493,-0.061753,-0.641432,0.207132,-0.311048,-0.024947,-0.251555,-0.408544,0.983714,0.064009,-0.525452,0.050748,-0.448602,0.095043,-0.432723,-0.060158,-0.510449,0.14495,-0.153255,-0.006419,-0.072711,-0.86914,-0.295423,0.444204,-0.525639,0.148606,0.068418,0.104763,0.001449,-0.228838,0.662657,2.247314,2.123881,-0.078613,-0.561867,0.048688,-0.152486,0.190915,0.177652,-0.031681,2.073281,0.755717,-0.528286,0.764073,-0.100656,-0.050029,0.356848,4.021284,0.689336,-0.232771,0.429386,-1.698557,-0.285484,-0.615571,0.286041,-0.287212,-0.546725,-0.42506,-0.909589,-0.886737,-0.430094,-1.01534,-1.107288,0.136679,0.567253,0.754148,-0.25453,-0.778696,1.737692,-0.242541,0.488228,-0.576173,-0.566767,1.321004,-0.664494,0.097649,0.175055,-0.038393,0.242884,0.45851,-0.076603,1.725728,-1.098037,0.586921,0.523213,0.912071,-0.46838,0.300965,-0.371627,1.133269,-0.30402,-0.17083,-0.096696,0.486227,1.695076,0.54775,-0.174443,2.321653,0.185808,1.903765,0.175494,1.42406,0.017195,-0.273903,-1.115936,-0.343061,0.275918,0.837948,-0.025885,-0.430762,-0.262779,0.231815,0.918823,0.319674,0.206713
"UACC812_BREAST",-0.12236,0.018749,0.315301,-0.067238,0.398041,0.679467,-0.148519,-0.418316,0.439178,0.107837,0.088415,-0.067454,-0.283425,0.679863,0.266475,2.916347,2.034014,0.343979,0.056106,-0.376239,-1.843699,0.075199,-0.156631,0.119482,-0.236804,0.290001,0.123989,-0.291174,-0.203245,-0.323033,0.004408,-0.329234,-0.397175,0.135527,-0.196971,-0.047764,-0.695856,-0.170326,-0.466627,-0.184547,-0.041981,-0.079791,-0.089314,-0.26428,-0.098225,-0.047946,-0.547072,0.000705,0.097731,-0.521028,-0.532801,-3.992186,-0.197383,-0.147926,0.242296,-0.368372,-0.389323,-0.206958,-1.726232,-0.363062,0.114354,1.392255,0.350095,0.177695,-0.0295,0.032315,0.123103,-0.120832,0.260602,0.180238,3.751465,-0.260181,0.248657,-1.638904,2.733676,-0.177849,-0.074986,0.090153,2.276967,0.339272,-0.239014,0.299653,-0.627574,0.707044,-0.698453,-0.64265,0.282955,-0.047622,-0.412479,1.094235,1.003191,0.663469,3.575188,0.648564,0.309333,1.219243,1.069729,5.116361,4.393102,1.452884,1.097451,-0.365328,-0.024972,2.766305,-0.028152,0.084005,-0.349034,-0.134025,0.795044,-0.555223,-1.105069,0.437227,0.37306,0.770323,0.069087,-0.374647,0.328842,-0.06802,-0.074389,-0.262294,0.293649,0.496928,-0.178597,-0.516959,-0.819154,-0.379067,0.775563,-0.017965,-0.573241,-0.248465,-0.473343,-0.863726,1.018528,0.432357,-0.068554,0.020194,0.7121,1.107974,-0.518213,-0.70931,-1.225614,0.467017,1.874994,0.084078,0.15994,-0.138725,-0.953095,-0.02805,0.459802,-0.306305,2.264349,0.481631,0.764189,0.208499,-0.288183,-0.010132,0.056183,-1.054533,-1.325401,-0.103192,0.044295,-1.244626,0.990896,0.542788,-0.225231,2.002286,0.615386,1.134757,0.373803,-0.098931,-0.027387,0.159859,0.505149,-0.639434,0.107582,0.523167,0.216804,1.959211,1.852624,-0.141807,-0.193953,-0.38335,0.705267,0.35265,-0.327739,0.060285,-0.364902,-0.089069,0.019719,1.073606,0.414037,1.046828,-0.398123,-0.319549,-0.426801,-0.1875,0.993259,-0.223548,-0.119679,-0.35064,0.085376,0.103479,-0.349272,0.479069,0.809435,-0.216934,1.205467,2.159599,-0.310841,-0.003104,0.185922,0.552665,-0.104269,-0.279869
"CAL148_BREAST",0.139363,0.056533,-0.226143,-0.026084,0.209709,0.131478,-0.105049,0.616124,0.679369,0.365533,0.324068,0.652753,-0.045072,0.363071,0.223314,4.369347,2.788605,0.542614,-0.341569,-1.558932,-1.297725,-0.21198,1.881368,-1.029489,-0.318522,0.620156,0.644466,-0.234523,-0.050497,0.098942,0.631831,-0.772329,-0.268159,0.011944,0.191395,0.370979,-1.198935,0.031494,1.315346,1.430349,0.03755,-0.335908,1.490182,-0.085327,-0.031389,-0.301061,0.687507,0.174013,-0.238268,-0.520968,-0.140023,-2.819301,0.0747,0.321393,-0.138533,-0.133099,-0.011053,0.011472,0.033191,-0.271992,0.198816,3.620512,-0.564165,0.114551,-0.267284,0.452746,0.459732,-0.018872,0.191069,0.093468,2.532536,-0.532016,0.303053,-0.9472,-0.483204,-0.012165,-0.169968,-0.726018,0.266651,0.260941,-0.096288,-0.632037,-0.18538,0.423143,-1.206427,0.031757,-0.021751,0.172706,-0.948198,-0.37898,-1.534709,-0.036519,0.418199,0.562904,0.441728,0.093273,-0.374274,0.275263,0.281007,0.820392,-0.018512,-0.027921,0.006266,0.33719,-0.512257,-0.367672,-0.099703,-0.216652,0.111917,-0.298329,-1.081394,0.297452,-0.415012,1.04909,-0.420503,-0.585603,-0.212734,0.281124,0.540333,0.485101,-0.027545,-0.017865,-0.916333,-1.280786,-0.425078,0.075983,-0.275481,-0.493155,-0.671213,-0.179861,0.155728,-0.520265,-0.348325,1.17715,-0.115013,0.20933,0.081731,0.411938,-0.553748,-0.32559,-1.174341,0.415571,-0.054501,0.549984,0.159413,0.853813,-0.811489,0.421678,-1.032704,0.606132,1.659892,0.779109,0.860513,-0.130437,-0.296296,-0.054806,0.0107,-0.211942,-0.343583,0.013675,0.112978,-0.369103,0.463563,0.023611,0.096105,-0.356524,-1.742178,1.633406,0.133643,0.066013,-0.129232,-0.625411,-1.635663,-0.246046,-0.304684,-0.03701,0.652317,-0.418691,-0.833597,0.036171,-0.044438,0.312016,-0.123035,-0.435802,-0.385089,0.435976,-0.594524,0.081517,-0.455898,1.196753,-0.556491,-0.370073,0.573138,-0.32712,-0.214608,-0.055168,1.552292,-0.606027,-1.51275,-0.245289,-0.330967,-0.018906,0.075787,0.558253,0.036881,-0.045182,0.060924,1.039848,-0.072051,0.473225,-0.498352,-1.470915,-0.408396,-0.455894
"MDAMB134VI_BREAST",0.233718,0.497402,0.105809,1.322523,1.62989,1.464476,1.011731,1.439454,0.004232,-0.145544,-0.596985,-0.16822,0.000316,0.270728,-0.183903,-1.554675,-0.909072,-0.728951,0.198566,-0.128272,-1.624851,0.407467,2.269904,-0.250235,0.246691,1.608062,1.331686,0.023346,0.178315,-0.113493,0.033735,2.209705,0.566265,-0.027309,-2.879243,-0.269733,-0.595831,0.095994,1.410345,1.163743,0.807005,-0.19877,-0.042467,-0.224818,0,-0.553038,-0.352671,-0.318034,-0.029837,-0.16684,-0.477809,-3.168449,0.095503,-0.049963,-0.827207,-0.091936,-0.524108,0.257048,0.390191,-0.130133,-0.379407,2.367731,-0.195802,-0.350447,0.873536,-0.340179,0.839753,-0.00397,0.3919,-0.377278,-0.793524,0.186299,0.713429,-0.980296,-0.348578,0.094862,0.099745,-0.847299,5.693359,2.936078,0.315942,-0.014881,0.331226,-0.010985,-0.085074,0.325254,-0.236076,0.029988,-0.498342,1.418248,1.620311,0.638764,4.195937,0.275913,0.439718,0.964053,0.98643,0.153159,-0.041774,1.600575,0.208877,0.103209,0.775473,1.827507,0.080832,0.884366,0.937129,0.893752,1.565907,0.432565,-0.436543,-0.458664,0.829124,0.645124,-0.032123,-0.405499,-0.088315,-0.051181,0.053808,0.681013,0.407521,0.255119,-0.04633,-0.753914,0.002004,-0.027675,-0.604694,-1.337497,-0.504351,-0.638098,-0.130058,-0.114044,-0.128798,0.64767,0.15475,-0.069805,-0.176306,-0.322275,0.088245,-0.233193,-0.691102,-0.490319,0.312901,-0.232126,0.023072,-0.229238,-0.573022,-0.043987,-1.704041,-0.240254,0.4399,0.281831,0.255584,0.212597,0.090223,0.107343,-0.170868,-0.906402,-1.764799,-0.218147,-0.806004,1.117946,0.027254,-0.205499,-0.068182,2.19605,0.758505,1.334803,-0.164168,-0.141444,0.35973,-0.079228,0.084002,0.024984,-0.104411,0.334264,-0.428776,0.132171,0.868916,0.083793,-0.060356,0.282466,-0.321419,-0.023647,0.773875,0.789627,0.003859,-0.047964,0.343099,-0.192127,-0.509362,-0.48742,0.460184,0.389507,-0.265612,0.14987,-1.5434,-0.352241,-0.476603,-0.136241,-0.147457,-0.912307,0.630106,0.293914,0.47459,0.332358,2.373158,2.19179,0.03028,0.603076,-0.864199,-2.664116,-0.005496,-0.343286
"HCC1500_BREAST",0.32836,-0.005714,-0.026202,-0.169227,0.147373,0.286818,-0.102718,-0.136381,0.409853,0.114091,-0.691789,-0.022845,0.168037,-0.114636,0.017559,-1.31013,-1.000914,0.638971,0.338965,0.450412,-1.381967,-0.071711,3.113119,0.596712,-3.676124,-0.570011,0.744294,-0.265786,-0.109121,-0.16716,0.690932,3.292785,0.273678,0.213359,0.470433,0.227604,-0.852636,0.014165,2.172787,1.786374,-0.042738,-0.096484,-0.161741,-0.236089,-0.088541,0.287441,0.531802,0.197459,-0.275824,0.331443,-0.45852,-3.379585,0.065636,0.354836,0.347309,-0.161598,-0.632548,0.037126,0.361268,-0.246321,0.232121,2.235428,0.524043,0.256694,0.39027,-0.822129,0.372614,0.253026,0.134814,-0.130975,4.070718,-0.085954,-0.033598,-1.165421,-0.175307,0.003494,-0.061225,-0.484205,4.069878,0.905398,0.193283,0.207614,-0.013958,1.255631,-0.437919,-0.111973,-0.165185,-0.021884,-0.756007,0.969394,0.00523,-0.730941,4.34009,-0.321873,0.484273,0.16209,-0.481341,-0.028976,-0.056924,0.793366,0.039807,-0.22104,0.385477,3.551039,0.465865,-0.065969,-0.208836,0.201878,1.065129,-0.375729,-0.931299,-1.076028,0.460312,0.044557,-0.372016,-0.693821,0.034155,0.026679,-0.597375,-0.764029,0.251037,0.327797,-0.176587,-1.957805,0.01447,-0.017271,0.707162,-0.605845,-0.312881,-0.212926,-0.515382,-0.908823,1.092304,0.645595,0.125144,0.033593,0.355502,0.526996,-0.475361,-0.13535,-0.619778,-0.199392,0.38681,0.04722,-0.281973,-0.702874,-0.535711,-0.00182,-1.054531,-0.110825,-0.37527,0.166702,0.286282,-0.01724,-0.015996,0.580688,1.903125,-0.795365,-1.810613,-0.301092,-1.38477,0.381297,0.227352,-0.312068,0.604678,1.858445,0.98097,1.905002,0.06545,-0.000592,0.948924,-0.141335,-0.803396,0.255409,-0.734632,0.24687,0.114475,-0.070135,0.484781,0.043225,-0.198949,0.175182,0.263184,-0.076726,0.919926,0.196158,-0.244782,0.086928,0.136739,0.457454,-0.509442,0.25159,0.755474,-0.007566,-0.401287,-0.186373,-1.565197,-0.553143,0.378563,-0.119805,-0.490511,-0.160117,0.019028,0.3765,0.307697,0.242541,-0.161202,2.023056,0.118488,0.023256,-0.493696,-1.349769,-0.016367,-0.564714
"UACC893_BREAST",-0.099328,0.092439,-0.000268,0.461909,0.698914,0.702645,0.110398,-0.790954,0.674682,-0.287229,-0.583019,0.469079,0.04831,0.0872,-0.293236,3.699541,3.06257,0.526867,0.296688,-1.171724,-0.470465,0.743711,1.086134,-0.820827,-1.210142,-0.2362,-0.20657,0.348708,-0.266239,-0.250798,-1.156668,0.124783,-0.567884,-0.05616,-0.067221,0.156237,-0.388321,-0.09006,0.89105,0.529367,0.158135,0.140355,-0.204076,-0.040492,-0.022659,0.555375,-0.652745,-0.270381,0.274723,-0.130403,-0.487465,-2.642554,-0.252326,0.307367,-0.05674,0.080432,-0.101363,-0.114242,-0.184889,0.22169,-0.323527,2.834494,0.891317,0.017192,-0.220169,-0.335215,0.022075,-0.197665,0.779793,-0.448608,3.98067,-0.372885,-0.344259,-0.147998,3.623352,-0.00381,0.176221,-0.242003,0.555196,-0.127073,-0.224766,-0.987492,-0.652407,1.174407,-0.463876,0.43779,0.288454,0.041775,-1.1772,3.308586,1.533791,-0.48536,0.564172,0.779075,0.226653,1.483134,1.663139,5.014069,4.204083,0.748227,0.487328,0.167662,0.563171,0.120514,0.701713,-0.375109,-0.903678,0.46256,-0.185694,-0.48967,-0.946821,0.824649,-0.096001,-0.270061,0.525596,0.607777,-0.012955,0.046391,0.122142,0.345002,0.072207,0.5451,-0.420425,-1.47315,-0.401735,0.197309,1.550877,0.84388,-0.751214,-0.087791,1.930034,-0.758835,-0.626547,0.079889,0.369113,0.079805,-0.002842,0.137812,0.260348,0.006524,-0.141687,0.45649,2.058954,0.15608,0.412922,0.810611,-0.611628,0.052185,-0.081245,-0.696845,0.625016,0.173885,0.351521,-0.706611,-0.149748,-0.104643,-0.229017,-0.313047,-0.422927,-0.112821,0.012728,0.231676,0.006153,1.173527,0.775798,0.969182,-0.400043,1.128587,-0.143377,0.687539,-0.248436,-0.561978,0.240226,-0.412235,-0.05548,0.694691,0.304209,1.109064,1.195179,-0.032021,-0.305569,-0.249934,1.042033,0.845195,0.276875,-0.053896,-0.196547,0.346112,-0.274731,0.047503,0.373846,0.730262,-0.228926,-0.00035,-0.707594,-0.096026,-0.621126,-0.087913,0.317281,-0.058671,-0.660657,-0.426899,-0.318397,-0.311224,0.836618,0.620559,-0.498059,-0.359968,-0.083193,-0.498993,-0.3433,-0.783833,-0.138098,0.448448
"HCC1419_BREAST",-0.025481,-0.178159,0.913452,-0.190467,0.030607,0.082912,-0.044914,-0.850722,0.087116,0.179657,-0.184524,-0.256458,-0.096318,-0.288099,0.385955,0.38437,0.346684,0.213324,-0.125027,-0.3141,-1.754668,-0.000838,1.180039,-0.178142,-1.199857,0.801969,0.652227,0.328654,0.023913,-0.21787,-0.898076,0.183784,0.094994,-0.13901,0.535272,0.079659,-0.183498,-0.01251,-0.008762,0.010892,-0.13522,-0.257386,0.434407,-0.196409,-0.024029,-0.923005,-0.913944,0.251246,-0.148876,0.13357,-0.447624,-3.238004,-0.034304,0.024967,-0.812377,-0.359515,-0.853435,-0.155056,0.150103,0.084562,-0.201827,2.152775,-0.117785,-0.004923,0.033445,-1.061972,0.713161,-0.05318,0.122344,-0.26534,3.624909,0.733239,0.67247,-1.317258,4.497075,0.047911,0.047055,0.21157,2.03706,0.15401,0.071499,0.123514,0.205186,2.930336,-1.278736,0.06454,0.345947,-0.158412,-0.780645,1.258618,0.164142,1.029459,3.100642,0.206653,0.266118,1.371769,1.039967,5.157089,5.278537,2.058272,1.395013,-0.092309,0.373575,3.130281,0.120519,-0.059639,-0.577369,-0.192275,0.507055,-0.247452,-0.804403,-0.512735,0.621718,-0.21857,-0.072537,-0.444104,-0.268563,-0.059059,-0.476597,-0.479628,0.332421,0.593198,-0.469841,0.115268,-0.226796,-0.218679,0.180369,-0.180372,0.421985,-0.436485,-0.098171,-0.373294,0.412846,0.383966,0.149366,0.345861,-0.094222,0.011913,0.087191,-0.412764,0.319211,-0.247724,0.419724,0.624782,0.003242,-0.27014,-0.844633,-0.183746,-0.127071,-0.459049,0.213872,0.205219,0.229053,0.382613,0.018146,-0.24401,-0.725403,-1.576382,-1.843466,-0.026079,-0.428368,-0.229865,0.073532,0.296799,0.471944,1.785524,0.337128,0.569744,-0.520598,-0.212744,-0.001334,-0.284259,-0.052661,-0.238489,0.521494,0.61294,0.981206,1.956689,1.963056,1.34444,-0.18293,-0.117664,0.776256,0.813132,0.570123,0.17028,-0.225889,-0.352412,0.435655,-0.84088,0.733089,0.142311,-0.487018,-0.058732,-0.078485,-0.343513,-1.761383,-0.28642,0.009455,-0.274803,-0.485676,0.117679,-0.068197,0.243047,0.533128,0.310522,0.065014,-1.154039,0.225088,0.202486,-0.615312,-1.425356,0.00471,-0.012904
"BT483_BREAST",0.16083,0.014679,0.714691,1.154134,0.721715,1.552618,0.711022,0.329385,0.542739,-0.38398,-0.475916,0.018699,0.178885,0.494664,-0.039448,-0.997132,-0.825917,0.593277,-0.346019,-0.905321,-1.113258,0.137291,0.16121,-1.336089,-0.224271,-0.489902,1.079389,-0.398184,0.164965,-0.104137,0.533967,0.441547,-0.156155,0.040769,-0.267624,0.106453,-0.03054,-0.074031,-0.166971,-0.115998,0.107432,0.020983,-0.134851,-0.239426,-0.028394,-0.463533,-0.812324,-0.461516,-0.117387,-0.256698,-0.075529,-2.727536,-0.067974,0.477832,0.331876,-0.225933,-0.442065,-0.010858,-0.090009,0.067568,0.218034,1.696985,0.034935,-0.937596,-0.269998,0.214526,0.132521,0.113117,-0.057948,0.162991,4.230918,-0.769059,-0.157358,-1.201844,-0.590288,-0.120154,0.355316,-0.82856,3.88741,1.101162,0.01592,0.139355,-0.345766,0.619064,-0.49209,-0.628327,0.029659,-0.17255,-0.808899,0.773099,0.150686,0.84289,4.398478,0.497631,0.297414,0.314937,0.100459,1.216428,0.284057,1.19331,-0.15189,0.087227,0.551856,2.821067,0.725284,0.218196,0.599671,-0.41563,0.052324,-0.294788,-0.928577,-0.605699,-0.11508,0.477452,-0.532877,-0.471938,-0.212925,0.142019,-0.004083,-0.59856,0.194345,0.126657,-0.117711,-0.490663,-0.500385,0.191912,0.342336,-0.709477,-0.505305,-0.34027,-0.210931,-0.664062,0.727467,0.789359,0.350569,-0.106476,0.836481,1.320597,-1.183634,-0.130624,-0.639248,0.241839,0.419146,-0.490405,-0.055471,-0.252051,-0.404954,0.398694,-0.575594,-0.409815,2.20996,0.43605,0.666071,0.12666,-0.157814,-0.026467,0.296182,-1.043265,-1.601989,-0.255057,-0.606547,-1.81055,0.086107,-0.559888,0.423189,2.863508,0.386948,2.256027,0.130215,-0.18549,0.114013,-0.174333,-0.801667,-0.071398,-0.435333,0.073146,-0.611496,-0.515776,-0.539891,-0.05388,-0.035491,0.073437,0.092177,-0.388752,1.037111,0.33747,-0.306118,0.046313,0.204338,0.677536,-0.608177,-0.062779,0.933289,-0.336466,0.052128,-0.18175,1.267008,-0.464686,-1.881507,-0.200985,-0.325688,-0.219823,-0.508522,0.464631,0.177582,0.527053,0.418898,-0.105524,-0.027436,0.496821,-0.258944,-1.943863,-0.120873,-0.667962
"HCC1428_BREAST",-0.092963,-0.020897,0.695643,0.190917,0.451019,1.116188,-0.029654,-0.522467,0.94817,-0.457118,-0.864517,-0.357796,0.181158,-0.115149,0.410379,-1.030646,-0.917028,0.740733,-0.499512,-0.838213,-1.382605,0.576837,3.061327,-0.227558,-2.185905,-1.17844,0.085289,0.127319,-0.147357,-0.078121,-0.352978,1.327418,0.075172,0.054902,-0.266363,0.173182,-0.298335,-0.191301,1.870076,1.139944,0.085742,-0.099229,-0.368914,-0.408696,-0.158297,-0.137961,0.26246,0.219146,-0.086214,-0.072198,-0.118765,-2.604715,-0.137641,0.072454,0.464526,-0.384268,-0.084778,-0.01966,-0.139595,-0.203808,0.029742,1.799044,-0.042423,-0.475618,-0.181201,-0.042071,0.663181,-0.083009,-0.254502,-0.147978,4.60326,-0.184018,-0.009439,-1.001885,-0.647673,-0.226738,0.125521,0.008817,4.003636,1.617847,-0.1192,-0.647013,-0.323201,2.551155,-0.484117,0.66867,-0.286673,-0.169037,-0.639901,1.072741,0.0069,2.488784,4.065766,0.454055,0.367754,1.700463,1.302168,-0.422125,-0.385784,1.002532,-0.014211,0.027093,-0.040025,2.925733,0.465667,-0.207718,-0.135532,-0.010875,0.622096,0.280372,-0.847614,0.388466,0.088842,-0.164144,0.155296,-0.372955,-0.204281,0.017993,0.646007,0.919164,0.41099,0.266678,-0.4145,-0.264966,-0.464736,-0.050027,1.342471,-0.521593,-0.528699,-0.604433,-0.131047,0.012619,0.44792,0.508375,0.087439,0.098038,0.661858,1.325642,0.340868,-0.518048,0.179431,0.287857,1.020356,-0.137163,0.029804,0.313352,-0.495682,0.027547,-0.683129,-0.352883,2.951113,0.0522,0.391551,0.241186,0.015014,0.19639,0.910881,-1.378039,-1.409226,-0.208276,0.044704,0.31345,0.005368,-0.091078,0.975872,1.469736,0.836037,2.082626,-0.510138,0.149922,0.128339,-0.3757,-0.351694,0.049183,-0.968655,0.738838,0.008647,0.522379,0.742187,1.417154,-0.170984,0.118794,0.180248,-0.221618,0.146632,-0.061831,-0.344804,-0.078796,0.133588,1.070701,-0.057959,1.065407,0.244417,-0.805258,-0.082535,0.390249,1.812079,-0.030166,-0.114031,-0.490496,-0.477264,0.180196,-0.437824,0.288354,0.524303,0.257,0.524647,-0.689729,0.136365,0.192582,0.112398,0.352369,-0.024313,0
"ZR7530_BREAST",-0.040076,-0.265286,1.017082,-0.666393,-0.367123,-0.784569,-0.575248,-0.494944,0.066445,1.351762,1.25851,-0.383705,-0.220248,0.606912,0.523772,0.828281,0.776817,-0.477631,0.692191,0.287454,-1.710407,0.186994,2.121253,-1.58137,-1.455457,0.141295,0.206844,0.082228,0.414951,-0.300279,-0.640286,0.167329,-0.294148,-0.138288,-2.685181,-0.36542,0.146333,-0.105104,-0.569641,-0.260291,0.104109,0.075913,0.276351,-0.161903,0.179025,-0.004626,-0.510048,-0.014941,0.150916,-0.584763,-0.776004,-3.65448,0.041535,0.139931,-0.660218,-0.175469,-0.734674,-0.099621,-0.301214,-0.33207,-0.17143,2.052334,0.6116,-0.657605,-0.659321,-0.268443,-0.063864,0.036217,-0.000323,0.056997,-0.965543,-0.709369,0.68158,-1.485719,5.459786,0.29065,0.185821,-0.318917,2.952374,1.05907,-0.156016,-0.088295,-0.334855,3.029324,-0.839887,-0.357275,-0.034476,0.053232,-1.146535,0.112857,-0.144559,0.854948,4.865002,-0.080034,0.037283,1.053472,0.742302,5.59841,5.85639,1.886343,1.071723,-0.070189,0.478378,1.666314,0.196073,-0.588236,-0.54076,-0.232013,0.552194,-0.694987,-1.255545,0.781267,-0.318142,0.687052,-0.28431,-0.11862,-0.515415,0.030595,-0.664585,-0.683294,-0.092597,0.147237,-0.44851,0.35954,-0.517445,-0.047238,0.949687,0.274482,0.077178,0.173257,0.103706,-1.049036,-1.081836,0.344342,0.009868,0.124123,0.228722,0.507758,-0.213815,-0.373044,0.277146,0.678304,0.101585,0.110482,0.204823,0.198004,-0.641333,0.040487,-0.051019,0.248579,0.980029,0.228725,0.286165,0.156495,-0.014388,0.233036,0.032625,-1.17347,-1.564162,0.130287,0.024405,0.149568,-0.077231,0.107787,0.839016,2.903829,0.537685,1.333813,-0.647445,-0.261497,0.111552,-0.719299,-0.843683,-0.198916,0.316363,0.246894,0.050434,-0.048157,0.358527,1.14185,-0.466071,-0.069844,0.618947,0.876503,-0.419722,0.326968,0.207511,0.569683,-0.646408,-0.457445,0.825459,-0.352088,-0.525428,-0.245567,-0.401471,-0.033206,0.757658,-0.468064,-1.463767,-0.111819,-0.213271,-1.543384,-0.531489,-0.181468,0.727708,0.256894,0.265081,3.671256,-0.220346,-0.679478,-0.548776,-1.837067,-0.030909,0.003006
"CAL51_BREAST",-0.01147,-0.159283,-0.628657,-0.193565,0.142774,-0.211827,-0.120368,1.015534,-0.254177,-0.044368,0.657126,0.019152,0.072816,-0.105527,-0.394829,2.748241,1.317525,-0.108133,-0.095321,-1.231253,-0.597214,-0.527122,-0.089847,0.596357,0.753027,-0.209674,0.038258,-0.051434,-0.253603,0.316386,-0.091907,0.680641,-0.532647,-0.234922,-0.966781,-0.29811,0.268297,-0.156924,0.098594,0.082664,0.18531,-0.171451,-0.441697,0.123261,-0.051397,-0.777046,0.244963,0.075097,0.399826,-0.396642,-0.00107,-0.23352,-0.343086,-0.123924,-0.838361,0.005468,0.068033,-0.184616,-0.050832,-0.23913,0.02703,-0.606559,0.071884,0.817999,-0.152312,0.18446,0.199628,0.087986,0.105792,0.563001,1.309437,-0.329016,0.560059,-0.530979,-0.555647,-0.266644,0.080644,0.480902,-0.284938,-0.326875,-0.288713,-0.228472,-0.307737,0.320041,2.037615,0.427774,-0.008093,-0.182415,-0.858078,-0.62592,1.496376,-1.060982,0.131209,0.581097,0,0.537957,0.751442,0.233629,0.327068,0.168328,-0.075982,-0.143563,-0.270668,0.062299,0.085265,-0.227443,-0.265798,-0.25603,-0.231843,0.519519,-0.052848,0.363848,-0.471555,0.606666,-0.308712,0.478822,0.324995,-0.052373,0.519561,0.543833,0.255311,0.230988,0.554123,-0.042292,-0.38889,0.132212,0.351544,-0.092419,-0.13367,-0.061067,0.221028,-0.110849,-0.01277,1.169393,-0.027236,-0.154856,-0.022692,0.1335,0.324166,-0.019141,-0.319912,0.16831,0,0.586066,0.313529,1.175334,-1.197227,-0.194481,0.454881,0.192774,-0.401603,-0.23151,-0.11757,-0.496468,-0.311131,0.021088,0.828143,0.424384,0.643713,0.13596,0.678382,0.463984,-0.107349,0.098575,0.326373,-0.04001,-2.804053,-0.437398,-0.011648,0.496544,0.21281,0.371919,1.041054,1.188564,-0.118276,0.024906,0.668783,0.184438,0.033783,0.38764,-0.03218,0.156305,0.03375,-0.501104,-0.152332,0.069271,-0.015703,0.332823,0.073022,0.343009,-0.208535,-0.296733,-0.028222,-0.446883,-0.26783,-0.021839,-2.339199,0.148913,0,-0.008079,-0.18145,0.396903,-0.100037,0.307795,-0.108068,-0.674662,0.607445,-0.078239,-0.354872,0.21211,0.617087,0.662649,-0.204806,0.297277
